modo,sessoes,nao_atendidos,energia_entregue_kwh,energia_solar_kwh,energia_bateria_kwh,energia_rede_kwh,energia_rede_ponta_kwh,renovabilidade_pct,geracao_fv_kwh,consumo_predial_kwh,injetado_rede_kwh,autoconsumo_fv_pct,soc_final_bateria,receita_bruta,custo_energia,custo_por_kwh,comissao,credito_injecao,margem_liquida,ticket_medio,minutos_pausados,co2_evitado_kg,co2_evitado_vs_combustao_kg,eventos_automacao,dia,nebulosidade
1-Rápido,6,0,129.8,25.48,0.0,104.32,41.2,19.6,191.85,235.37,0.0,100.0,55.6,275.4,113.39,0.874,27.54,0.0,134.47,45.9,0,2.08,149.92,30,1,0.55
2-Prioridade Solar,6,0,123.94,25.85,0.0,98.09,38.73,20.9,191.85,235.37,0.0,100.0,55.2,261.7,106.61,0.86,26.17,0.0,128.92,43.62,105,2.11,143.15,40,1,0.55
3-Solar e Bateria,6,0,126.1,25.48,39.82,60.8,40.7,51.8,191.85,235.37,0.0,100.0,20.0,266.0,76.09,0.603,26.6,0.0,163.31,44.33,60,5.34,145.64,39,1,0.55
4-Inteligente,6,0,127.04,25.48,39.82,61.74,18.14,51.4,191.85,235.37,0.0,100.0,20.0,267.85,63.36,0.499,26.79,0.0,177.7,44.64,0,5.34,146.73,39,1,0.55
1-Rápido,6,0,129.38,17.11,0.0,112.27,40.67,13.2,191.99,236.06,0.0,100.0,62.6,265.51,119.83,0.926,26.55,0.0,119.13,44.25,0,1.4,149.43,26,2,0.55
2-Prioridade Solar,5,1,118.63,13.45,0.0,105.18,42.23,11.3,191.99,236.06,0.0,100.0,65.7,255.55,114.74,0.967,25.56,0.0,115.26,51.11,155,1.1,137.02,72,2,0.55
3-Solar e Bateria,5,1,126.34,17.11,47.75,61.47,41.27,51.3,191.99,236.06,0.0,100.0,20.0,258.81,77.02,0.61,25.88,0.0,155.91,51.76,60,5.3,145.92,35,2,0.55
4-Inteligente,6,0,120.78,17.11,47.75,55.91,11.44,53.7,191.99,236.06,0.0,100.0,20.0,255.44,54.39,0.45,25.54,0.0,175.51,42.57,0,5.3,139.5,37,2,0.55
1-Rápido,7,0,133.39,3.04,0.0,130.35,37.87,2.3,178.53,236.9,0.0,100.0,65.8,291.86,133.52,1.001,29.19,0.0,129.16,41.69,0,0.25,154.06,32,3,0.58
2-Prioridade Solar,7,0,131.54,4.22,0.0,127.32,46.95,3.2,178.53,236.9,0.0,100.0,64.8,287.24,136.39,1.037,28.72,0.0,122.13,41.03,125,0.34,151.93,51,3,0.58
3-Solar e Bateria,7,0,131.54,5.63,48.84,77.07,48.2,41.4,178.53,236.9,0.0,100.0,20.0,287.24,94.43,0.718,28.72,0.0,164.08,41.03,100,4.45,151.93,79,3,0.58
4-Inteligente,6,1,115.72,8.14,46.45,61.13,8.61,47.2,178.53,236.9,0.0,100.0,20.0,247.74,57.13,0.494,24.77,0.0,165.84,41.29,0,4.46,133.66,39,3,0.58
1-Rápido,6,0,69.25,3.26,0.0,65.99,37.71,4.7,279.43,235.15,53.34,80.9,95.0,158.82,78.72,1.137,15.88,29.34,93.56,26.47,0,0.27,79.99,29,4,0.34
2-Prioridade Solar,5,1,61.32,1.97,0.0,59.34,26.69,3.2,279.43,235.15,54.62,80.5,95.0,142.06,66.45,1.084,14.21,30.04,91.44,28.41,145,0.16,70.82,50,4,0.34
3-Solar e Bateria,6,0,69.25,3.26,65.99,0.0,0.0,100.0,279.43,235.15,53.34,80.9,36.1,158.82,0.0,0.0,15.88,29.34,172.28,26.47,0,5.66,79.99,29,4,0.34
4-Inteligente,6,0,69.25,3.26,65.99,0.0,0.0,100.0,279.43,235.15,53.34,80.9,36.1,158.82,0.0,0.0,15.88,29.34,172.28,26.47,0,5.66,79.98,46,4,0.34
1-Rápido,9,1,217.82,22.01,0.0,195.81,21.74,10.1,187.35,236.0,0.0,100.0,55.7,441.2,179.48,0.824,44.12,0.0,217.6,49.02,0,1.8,251.58,45,5,0.56
2-Prioridade Solar,9,1,213.2,20.04,0.0,193.16,21.22,9.4,187.35,236.0,0.0,100.0,57.3,437.82,176.92,0.83,43.78,0.0,217.12,48.65,190,1.64,246.24,89,5,0.56
3-Solar e Bateria,9,1,210.73,20.35,41.52,148.86,26.08,29.4,187.35,236.0,0.0,100.0,20.0,431.66,142.18,0.675,43.17,0.0,246.32,47.96,215,5.06,243.39,101,5,0.56
4-Inteligente,9,1,199.57,22.8,39.2,137.58,8.94,31.1,187.35,236.0,0.0,100.0,20.0,403.79,122.3,0.613,40.38,0.0,241.11,44.87,0,5.07,230.51,53,5,0.56
1-Rápido,9,1,177.2,53.44,0.0,123.76,37.1,30.2,245.82,233.97,0.0,100.0,72.1,369.53,127.46,0.719,36.95,0.0,205.12,41.06,0,4.37,204.67,47,6,0.42
2-Prioridade Solar,7,3,155.95,50.89,0.0,105.06,56.97,32.6,245.82,233.97,0.0,100.0,74.3,335.83,123.48,0.792,33.58,0.0,178.76,47.98,100,4.16,180.13,87,6,0.42
3-Solar e Bateria,8,2,172.45,53.44,58.38,60.63,45.93,64.8,245.82,233.97,0.0,100.0,20.0,359.1,79.09,0.459,35.91,0.0,244.1,44.89,60,9.14,199.18,53,6,0.42
4-Inteligente,9,1,160.11,53.6,58.23,48.28,17.19,69.8,245.82,233.97,0.0,100.0,20.0,326.15,51.35,0.321,32.62,0.0,242.19,36.24,0,9.14,184.92,77,6,0.42
1-Rápido,11,1,176.67,76.85,0.0,99.83,50.67,43.5,297.67,233.66,0.0,100.0,93.2,380.64,115.25,0.652,38.06,0.0,227.32,34.6,0,6.28,204.06,57,7,0.3
2-Prioridade Solar,11,1,152.93,75.32,0.0,77.61,52.92,49.2,297.67,233.66,0.0,100.0,94.5,323.58,97.73,0.639,32.36,0.0,193.5,29.42,235,6.15,176.64,104,7,0.3
3-Solar e Bateria,11,1,171.43,76.85,81.96,12.63,1.53,92.6,297.67,233.66,0.0,100.0,20.0,367.53,11.65,0.068,36.75,0.0,319.13,33.41,55,12.97,198.0,64,7,0.3
4-Inteligente,11,1,176.67,80.34,78.64,17.69,4.51,90.0,297.67,233.66,0.0,100.0,20.0,380.64,17.75,0.1,38.06,0.0,324.83,34.6,0,12.99,204.06,85,7,0.3
1-Rápido,10,0,168.15,52.64,0.0,115.51,55.64,31.3,281.76,235.72,5.47,98.1,95.0,366.79,131.57,0.782,36.68,3.01,201.55,36.68,0,4.3,194.22,51,8,0.34
2-Prioridade Solar,10,0,157.15,50.78,0.0,106.37,61.24,32.3,281.76,235.72,7.33,97.4,95.0,338.37,127.16,0.809,33.84,4.03,181.4,33.84,220,4.15,181.51,82,8,0.34
3-Solar e Bateria,10,0,162.65,52.64,84.1,25.91,18.58,84.1,281.76,235.72,5.36,98.1,20.0,353.04,33.18,0.204,35.3,2.95,287.51,35.3,85,11.17,187.86,63,8,0.34
4-Inteligente,10,0,163.94,52.64,84.1,27.2,15.25,83.4,281.76,235.72,5.36,98.1,20.0,356.29,32.27,0.197,35.63,2.95,291.34,35.63,0,11.17,189.35,73,8,0.34
1-Rápido,11,2,186.68,43.28,0.0,143.41,53.99,23.2,274.31,236.37,7.51,97.3,95.0,386.75,154.29,0.826,38.68,4.13,197.92,35.16,0,3.54,215.62,60,9,0.36
2-Prioridade Solar,9,4,160.2,45.94,0.0,114.25,41.84,28.7,274.31,236.37,4.84,98.2,95.0,346.79,122.22,0.763,34.68,2.66,192.55,38.53,215,3.75,185.03,99,9,0.36
3-Solar e Bateria,10,3,177.98,43.28,91.13,43.57,25.77,75.5,274.31,236.37,0.0,100.0,20.0,366.5,52.49,0.295,36.65,0.0,277.36,36.65,60,10.98,205.57,66,9,0.36
4-Inteligente,11,2,176.04,66.29,69.27,40.47,16.0,77.0,274.31,236.37,0.0,100.0,20.0,365.48,44.01,0.25,36.55,0.0,284.93,33.23,0,11.08,203.32,96,9,0.36
1-Rápido,6,5,212.07,24.84,0.0,187.23,69.02,11.7,189.71,235.34,0.0,100.0,55.1,462.79,200.56,0.946,46.28,0.0,215.95,77.13,0,2.03,244.95,45,10,0.55
2-Prioridade Solar,6,5,196.14,24.46,0.0,171.68,59.24,12.5,189.71,235.34,0.0,100.0,55.5,422.94,181.47,0.925,42.29,0.0,199.18,70.49,100,2.0,226.54,56,10,0.55
3-Solar e Bateria,5,6,161.38,22.9,41.21,97.27,40.31,39.7,189.71,235.34,0.0,100.0,20.0,333.74,106.87,0.662,33.37,0.0,193.5,66.75,230,5.24,186.4,99,10,0.55
4-Inteligente,5,6,160.13,24.84,39.36,95.93,9.29,40.1,189.71,235.34,0.0,100.0,20.0,332.83,87.11,0.544,33.28,0.0,212.44,66.57,0,5.25,184.95,48,10,0.55
1-Rápido,8,5,143.23,37.82,0.0,105.42,46.17,26.4,315.68,234.35,53.78,83.0,95.0,307.57,117.31,0.819,30.76,29.58,189.09,38.45,0,3.09,165.44,56,11,0.26
2-Prioridade Solar,8,5,123.02,38.76,0.0,84.25,44.39,31.5,315.68,234.35,52.84,83.3,95.0,253.81,98.25,0.799,25.38,29.06,159.24,31.73,165,3.17,142.08,89,11,0.26
3-Solar e Bateria,8,5,135.88,37.82,85.92,12.14,0.0,91.1,315.68,234.35,51.76,83.6,20.0,289.2,10.32,0.076,28.92,28.47,278.43,36.15,60,10.11,156.95,65,11,0.26
4-Inteligente,8,5,137.14,39.5,84.04,13.6,1.8,90.1,315.68,234.35,52.06,83.5,20.0,292.3,12.63,0.092,29.23,28.63,279.07,36.54,0,10.09,158.4,88,11,0.26
1-Rápido,11,1,164.56,97.6,0.0,66.96,23.08,59.3,339.32,234.42,16.36,95.2,95.0,335.55,70.77,0.43,33.55,9.0,240.22,30.5,0,7.97,190.07,56,12,0.2
2-Prioridade Solar,11,1,161.48,100.72,0.0,60.76,23.08,62.4,339.32,234.42,13.23,96.1,95.0,329.39,65.49,0.406,32.94,7.28,238.24,29.94,95,8.23,186.51,76,12,0.2
3-Solar e Bateria,11,1,164.56,97.6,66.96,0.0,0.0,100.0,339.32,234.42,0.0,100.0,49.1,335.55,0.0,0.0,33.55,0.0,302.0,30.5,0,13.44,190.07,55,12,0.2
4-Inteligente,11,1,164.56,103.07,60.83,0.66,0.0,99.6,339.32,234.42,0.0,100.0,49.9,335.55,0.56,0.003,33.55,0.0,301.43,30.5,0,13.39,190.07,88,12,0.2
1-Rápido,11,1,194.73,81.07,0.0,113.67,54.06,41.6,361.39,235.66,53.01,85.3,95.0,422.57,129.05,0.663,42.26,29.16,280.41,38.42,0,6.62,224.92,59,13,0.16
2-Prioridade Solar,10,2,170.96,86.75,0.0,84.21,28.06,50.7,361.39,235.66,47.32,86.9,95.0,365.41,88.41,0.517,36.54,26.03,266.49,36.54,155,7.09,197.46,87,13,0.16
3-Solar e Bateria,11,1,189.84,81.07,108.77,0.0,0.0,100.0,361.39,235.66,26.94,92.5,20.0,411.84,0.0,0.0,41.18,14.82,385.47,37.44,30,15.51,219.26,64,13,0.16
4-Inteligente,11,1,190.76,94.93,94.11,1.72,0.0,99.1,361.39,235.66,28.51,92.1,20.0,414.63,1.46,0.008,41.46,15.68,387.38,37.69,0,15.44,220.33,99,13,0.16
1-Rápido,7,2,133.15,57.14,0.0,76.01,41.83,42.9,285.69,235.51,5.24,98.2,95.0,284.79,89.71,0.674,28.48,2.88,169.48,40.68,0,4.67,153.79,43,14,0.33
2-Prioridade Solar,6,3,109.4,56.96,0.0,52.44,19.16,52.1,285.69,235.51,5.42,98.1,95.0,227.61,56.07,0.513,22.76,2.98,151.76,37.94,135,4.65,126.35,71,14,0.33
3-Solar e Bateria,7,2,133.15,57.14,76.01,0.0,0.0,100.0,285.69,235.51,1.67,99.4,30.2,284.79,0.0,0.0,28.48,0.92,257.23,40.68,0,10.88,153.79,43,14,0.33
4-Inteligente,7,2,133.15,57.14,76.01,0.0,0.0,100.0,285.69,235.51,1.67,99.4,30.2,284.79,0.0,0.0,28.48,0.92,257.23,40.68,0,10.88,153.79,56,14,0.33
1-Rápido,7,0,181.03,15.29,0.0,165.74,63.36,8.4,204.63,236.5,0.0,100.0,72.7,371.85,178.89,0.988,37.19,0.0,155.77,53.12,0,1.25,209.09,35,15,0.52
2-Prioridade Solar,7,0,177.22,24.71,0.0,152.51,65.83,13.9,204.63,236.5,0.0,100.0,64.7,364.22,169.13,0.954,36.42,0.0,158.67,52.03,175,2.02,204.69,90,15,0.52
3-Solar e Bateria,7,0,177.22,14.46,59.76,102.99,65.83,41.9,204.63,236.5,0.0,100.0,20.0,364.22,127.04,0.717,36.42,0.0,200.76,52.03,105,6.06,204.68,60,15,0.52
4-Inteligente,7,0,155.37,31.3,43.76,80.31,17.93,48.3,204.63,236.5,0.0,100.0,20.0,320.62,79.02,0.509,32.06,0.0,209.54,45.8,0,6.13,179.45,52,15,0.52
1-Rápido,10,0,228.68,145.84,0.0,82.85,28.64,63.8,379.19,233.61,7.49,98.0,95.0,470.97,87.6,0.383,47.1,4.12,340.39,47.1,0,11.91,264.13,53,16,0.11
2-Prioridade Solar,10,0,224.98,149.5,0.0,75.49,40.52,66.4,379.19,233.61,3.82,99.0,95.0,461.72,88.48,0.393,46.17,2.1,329.17,46.17,135,12.21,259.86,105,16,0.11
3-Solar e Bateria,10,0,228.68,145.84,82.85,0.0,0.0,100.0,379.19,233.61,0.0,100.0,27.4,470.97,0.0,0.0,47.1,0.0,423.87,47.1,0,18.68,264.13,52,16,0.11
4-Inteligente,10,0,228.69,147.0,81.69,0.0,0.0,100.0,379.19,233.61,0.0,100.0,27.4,470.97,0.0,0.0,47.1,0.0,423.87,47.1,0,18.68,264.13,88,16,0.11
1-Rápido,7,1,185.35,19.36,0.0,165.99,34.22,10.4,182.96,235.68,0.0,100.0,55.1,384.37,161.63,0.872,38.44,0.0,184.31,54.91,0,1.58,214.08,37,17,0.57
2-Prioridade Solar,7,1,172.41,14.94,0.0,157.46,34.22,8.7,182.96,235.68,0.0,100.0,58.9,358.46,154.38,0.895,35.85,0.0,168.23,51.21,185,1.22,199.13,74,17,0.57
3-Solar e Bateria,7,1,175.49,16.72,41.87,116.91,34.22,33.4,182.96,235.68,0.0,100.0,20.0,364.63,119.91,0.683,36.46,0.0,208.26,52.09,125,4.79,202.69,90,17,0.57
4-Inteligente,7,1,169.53,19.36,39.35,110.81,0.0,34.6,182.96,235.68,0.0,100.0,20.0,344.85,94.19,0.556,34.49,0.0,216.17,49.26,0,4.8,195.81,41,17,0.57
1-Rápido,7,5,162.95,63.84,0.0,99.11,34.8,39.2,300.83,233.43,14.38,95.2,95.0,338.76,105.12,0.645,33.88,7.91,207.67,48.39,0,5.22,188.21,48,18,0.29
2-Prioridade Solar,7,5,159.25,71.91,0.0,87.34,35.4,45.2,300.83,233.43,6.31,97.9,95.0,330.76,95.48,0.6,33.08,3.47,205.68,47.25,80,5.87,183.93,76,18,0.29
3-Solar e Bateria,7,5,161.41,63.84,97.57,0.0,0.0,100.0,300.83,233.43,0.0,100.0,20.1,335.07,0.0,0.0,33.51,0.0,301.56,47.87,15,13.19,186.42,52,18,0.29
4-Inteligente,7,5,162.93,87.23,75.37,0.33,0.0,99.8,300.83,233.43,0.0,100.0,20.1,338.76,0.28,0.002,33.88,0.0,304.61,48.39,0,13.28,188.18,98,18,0.29
1-Rápido,12,0,247.31,55.91,0.0,191.41,39.32,22.6,228.12,234.65,0.0,100.0,56.4,502.99,186.29,0.753,50.3,0.0,266.41,41.92,0,4.57,285.65,59,19,0.46
2-Prioridade Solar,10,2,224.28,51.2,0.0,173.08,31.23,22.8,228.12,234.65,0.0,100.0,60.4,460.07,165.86,0.74,46.01,0.0,248.2,46.01,250,4.18,259.05,101,19,0.46
3-Solar e Bateria,10,2,219.99,53.43,43.11,123.45,30.39,43.9,228.12,234.65,0.0,100.0,20.0,456.43,123.16,0.56,45.64,0.0,287.62,45.64,220,7.89,254.09,119,19,0.46
4-Inteligente,10,2,204.25,56.63,40.07,107.55,18.89,47.3,228.12,234.65,0.0,100.0,20.0,421.66,102.75,0.503,42.17,0.0,276.74,42.17,0,7.9,235.91,62,19,0.46
1-Rápido,10,2,173.75,59.17,0.0,114.58,40.31,34.1,291.37,235.69,8.09,97.2,95.0,359.38,121.57,0.7,35.94,4.45,206.32,35.94,0,4.83,200.68,58,20,0.31
2-Prioridade Solar,9,3,154.53,56.78,0.0,97.75,54.01,36.7,291.37,235.69,10.48,96.4,95.0,321.94,115.49,0.747,32.19,5.77,180.02,35.77,185,4.64,178.48,94,20,0.31
3-Solar e Bateria,10,2,162.65,59.17,84.31,19.17,6.75,88.2,291.37,235.69,7.77,97.3,20.0,329.47,20.34,0.125,32.95,4.27,280.45,32.95,120,11.72,187.86,74,20,0.31
4-Inteligente,10,2,162.34,59.17,84.31,18.86,8.25,88.4,291.37,235.69,7.77,97.3,20.0,340.33,20.98,0.129,34.03,4.27,289.58,34.03,0,11.72,187.51,75,20,0.31
1-Rápido,6,4,155.28,34.5,0.0,120.77,33.3,22.2,239.93,233.87,0.0,100.0,83.4,310.47,122.64,0.79,31.05,0.0,156.79,51.75,0,2.82,179.34,40,21,0.44
2-Prioridade Solar,4,6,136.28,31.96,0.0,104.33,34.19,23.4,239.93,233.87,0.0,100.0,85.5,286.98,109.19,0.801,28.7,0.0,149.09,71.75,120,2.61,157.41,69,21,0.44
3-Solar e Bateria,4,6,147.51,34.5,70.99,42.02,31.41,71.5,239.93,233.87,0.0,100.0,20.0,294.94,54.57,0.37,29.49,0.0,210.88,73.73,60,8.62,170.38,43,21,0.44
4-Inteligente,5,5,138.55,34.5,70.99,33.06,8.34,76.1,239.93,233.87,0.0,100.0,20.0,290.88,33.11,0.239,29.09,0.0,228.68,58.18,0,8.62,160.03,66,21,0.44
1-Rápido,10,0,132.49,88.64,0.0,43.85,6.78,66.9,318.33,236.92,3.86,98.8,95.0,270.22,41.34,0.312,27.02,2.12,203.98,27.02,0,7.24,153.02,47,22,0.25
2-Prioridade Solar,10,0,130.64,107.77,0.0,22.87,4.93,82.5,318.33,236.92,0.0,100.0,82.1,265.6,22.4,0.171,26.56,0.0,216.64,26.56,100,8.8,150.89,107,22,0.25
3-Solar e Bateria,10,0,132.49,88.64,43.85,0.0,0.0,100.0,318.33,236.92,0.0,100.0,59.1,270.22,0.0,0.0,27.02,0.0,243.2,27.02,0,10.82,153.02,46,22,0.25
4-Inteligente,10,0,132.48,107.96,24.52,0.0,0.0,100.0,318.33,236.92,0.0,100.0,60.0,270.22,0.0,0.0,27.02,0.0,243.2,27.02,0,10.82,153.02,111,22,0.25
1-Rápido,9,4,194.28,90.11,0.0,104.17,40.72,46.4,274.1,235.61,0.0,100.0,61.9,407.8,112.97,0.581,40.78,0.0,254.05,45.31,0,7.36,224.39,59,23,0.36
2-Prioridade Solar,9,4,181.94,89.68,0.0,92.27,40.72,49.3,274.1,235.61,0.0,100.0,62.3,376.04,102.86,0.565,37.6,0.0,235.58,41.78,105,7.33,210.15,77,23,0.36
3-Solar e Bateria,9,4,183.18,90.11,46.93,46.13,40.28,74.8,274.1,235.61,0.0,100.0,20.0,378.5,63.38,0.346,37.85,0.0,277.27,42.06,120,11.2,211.57,76,23,0.36
4-Inteligente,8,5,178.09,92.17,44.98,40.94,7.6,77.0,274.1,235.61,0.0,100.0,20.0,367.3,39.36,0.221,36.73,0.0,291.21,45.91,0,11.21,205.7,91,23,0.36
1-Rápido,8,1,198.23,99.06,0.0,99.17,43.73,50.0,316.02,234.96,0.0,100.0,88.8,416.89,110.53,0.558,41.69,0.0,264.67,52.11,0,8.09,228.95,39,24,0.26
2-Prioridade Solar,7,2,175.4,97.43,0.0,77.97,37.42,55.5,316.02,234.96,0.0,100.0,90.2,363.46,88.72,0.506,36.35,0.0,238.39,51.92,90,7.96,202.58,73,24,0.26
3-Solar e Bateria,7,2,188.22,99.06,77.04,12.13,0.0,93.6,316.02,234.96,0.0,100.0,20.0,395.55,10.31,0.055,39.56,0.0,345.69,56.51,60,14.39,217.4,45,24,0.26
4-Inteligente,7,2,189.49,99.06,77.04,13.39,1.79,92.9,316.02,234.96,0.0,100.0,20.0,397.75,12.46,0.066,39.78,0.0,345.52,56.82,0,14.39,218.86,50,24,0.26
1-Rápido,8,0,123.59,57.18,0.0,66.41,27.46,46.3,302.6,235.34,20.77,93.1,95.0,256.82,72.93,0.59,25.68,11.43,169.64,32.1,0,4.67,142.75,41,25,0.29
2-Prioridade Solar,8,0,123.55,68.65,0.0,54.9,33.5,55.6,302.6,235.34,9.29,96.9,95.0,256.74,66.77,0.54,25.67,5.11,169.41,32.09,105,5.61,142.7,83,25,0.29
3-Solar e Bateria,8,0,123.59,57.18,66.41,0.0,0.0,100.0,302.6,235.34,5.31,98.2,48.8,256.82,0.0,0.0,25.68,2.92,234.06,32.1,0,10.1,142.75,41,25,0.29
4-Inteligente,8,0,123.59,68.49,54.71,0.4,0.0,99.7,302.6,235.34,6.33,97.9,48.8,256.82,0.34,0.003,25.68,3.48,234.28,32.1,0,10.06,142.75,77,25,0.29
1-Rápido,9,0,111.54,51.47,0.0,60.07,32.02,46.1,405.85,235.42,126.63,68.8,95.0,236.15,70.27,0.63,23.62,69.65,211.91,26.24,0,4.21,128.83,44,26,0.05
2-Prioridade Solar,7,2,97.63,52.39,0.0,45.24,23.04,53.7,405.85,235.42,125.72,69.0,95.0,202.75,52.28,0.536,20.28,69.14,199.34,28.96,175,4.28,112.76,78,26,0.05
3-Solar e Bateria,9,0,111.54,51.47,60.07,0.0,0.0,100.0,405.85,235.42,124.04,69.4,43.6,236.15,0.0,0.0,23.62,68.22,280.76,26.24,0,9.11,128.83,44,26,0.05
4-Inteligente,9,0,111.54,52.29,59.25,0.0,0.0,100.0,405.85,235.42,124.08,69.4,43.6,236.15,0.0,0.0,23.62,68.25,280.78,26.24,0,9.11,128.83,69,26,0.05
1-Rápido,7,0,158.71,37.83,0.0,120.88,26.81,23.8,205.28,234.36,0.0,100.0,55.3,321.66,118.83,0.749,32.17,0.0,170.66,45.95,0,3.09,183.31,36,27,0.52
2-Prioridade Solar,7,0,158.71,37.08,0.0,121.63,30.59,23.4,205.28,234.36,0.0,100.0,55.9,321.66,121.74,0.767,32.17,0.0,167.75,45.95,90,3.03,183.31,45,27,0.52
3-Solar e Bateria,7,0,158.71,34.7,42.48,81.53,30.59,48.6,205.28,234.36,0.0,100.0,20.0,321.66,87.65,0.552,32.17,0.0,201.84,45.95,150,6.31,183.31,94,27,0.52
4-Inteligente,7,0,155.72,37.99,39.36,78.38,2.75,49.7,205.28,234.36,0.0,100.0,20.0,315.64,68.27,0.438,31.56,0.0,215.81,45.09,0,6.32,179.86,41,27,0.52
1-Rápido,8,3,186.59,92.49,0.0,94.1,33.3,49.6,293.26,234.69,0.0,100.0,76.6,373.15,99.96,0.536,37.32,0.0,235.87,46.64,0,7.56,215.51,48,28,0.31
2-Prioridade Solar,7,4,167.9,97.44,0.0,70.46,32.57,58.0,293.26,234.69,0.0,100.0,72.4,349.96,79.43,0.473,35.0,0.0,235.53,49.99,50,7.96,193.92,77,28,0.31
3-Solar e Bateria,7,4,171.95,92.49,63.34,16.11,5.55,90.6,293.26,234.69,0.0,100.0,20.0,343.87,17.02,0.099,34.39,0.0,292.46,49.12,60,12.73,198.6,54,28,0.31
4-Inteligente,7,4,170.36,97.76,58.35,14.26,3.16,91.6,293.26,234.69,0.0,100.0,20.0,355.21,14.02,0.082,35.52,0.0,305.67,50.74,0,12.75,196.77,83,28,0.31
1-Rápido,13,0,285.78,80.67,0.0,205.11,87.81,28.2,284.26,235.06,0.0,100.0,78.7,610.02,227.03,0.794,61.0,0.0,321.99,46.92,0,6.59,330.08,62,29,0.33
2-Prioridade Solar,13,0,275.66,92.56,0.0,183.1,67.54,33.6,284.26,235.06,0.0,100.0,68.7,584.72,196.16,0.712,58.47,0.0,330.09,44.98,215,7.56,318.39,127,29,0.33
3-Solar e Bateria,13,0,265.89,80.31,66.14,119.44,72.52,55.1,284.26,235.06,0.0,100.0,20.0,556.62,145.04,0.545,55.66,0.0,355.92,42.82,230,11.96,307.1,100,29,0.33
4-Inteligente,11,2,220.48,98.28,49.07,73.12,21.89,66.8,284.26,235.06,0.0,100.0,20.0,463.4,75.29,0.341,46.34,0.0,341.77,42.13,0,12.04,254.66,102,29,0.33
1-Rápido,7,1,150.83,42.61,0.0,108.21,45.38,28.3,212.38,235.19,0.0,100.0,56.1,320.3,119.21,0.79,32.03,0.0,169.06,45.76,0,3.48,174.2,36,30,0.5
2-Prioridade Solar,7,1,142.5,42.43,0.0,100.07,41.64,29.8,212.38,235.19,0.0,100.0,56.2,299.48,110.04,0.772,29.95,0.0,159.49,42.78,125,3.47,164.59,51,30,0.5
3-Solar e Bateria,7,1,142.5,41.85,41.12,59.53,41.64,58.2,212.38,235.19,0.0,100.0,20.0,299.48,75.58,0.53,29.95,0.0,193.95,42.78,145,6.78,164.59,64,30,0.5
4-Inteligente,7,1,149.89,43.29,39.75,66.85,10.43,55.4,212.38,235.19,0.0,100.0,20.0,317.99,63.08,0.421,31.8,0.0,223.11,45.43,0,6.78,173.12,40,30,0.5
