horario,minuto,geracao_fv_kw,consumo_predial_kw,potencia_recarga_kw,potencia_rede_kw,soc_bateria,sessoes_ativas,fila,setpoint_kw,tarifa_rede,recarga_solar_kwh,recarga_bateria_kwh,recarga_rede_kwh,reserva_bateria_kwh
07:00,420,13.54,10.55,0.0,0.0,55.2,0,0,0,0.85,0.0,0.0,0.0,12.25
07:05,425,13.82,12.26,0.0,0.0,55.3,0,0,0,0.85,0.0,0.0,0.0,7.05
07:10,430,14.68,11.7,0.0,0.0,55.5,0,0,0,0.85,0.0,0.0,0.0,6.83
07:15,435,16.31,10.77,0.0,0.0,55.9,0,0,0,0.85,0.0,0.0,0.0,7.32
07:20,440,16.45,12.28,0.0,0.0,56.2,0,0,0,0.85,0.0,0.0,0.0,4.98
07:25,445,19.31,11.6,0.0,0.0,56.8,0,0,0,0.85,0.0,0.0,0.0,6.66
07:30,450,18.81,10.76,0.0,0.0,57.3,0,0,0,0.85,0.0,0.0,0.0,0.89
07:35,455,20.14,11.47,0.0,0.0,57.9,0,0,0,0.85,0.0,0.0,0.0,1.84
07:40,460,21.39,12.01,0.0,0.0,58.6,0,0,0,0.85,0.0,0.0,0.0,1.42
07:45,465,23.05,11.67,0.0,0.0,59.4,0,0,0,0.85,0.0,0.0,0.0,0.26
07:50,470,22.34,10.5,0.0,0.0,60.2,0,0,0,0.85,0.0,0.0,0.0,0.0
07:55,475,26.11,10.66,0.0,0.0,61.3,0,0,0,0.85,0.0,0.0,0.0,0.0
08:00,480,26.07,15.2,0.0,0.0,62.1,0,0,0,0.85,0.0,0.0,0.0,0.0
08:05,485,28.17,13.89,0.0,0.0,63.1,0,0,0,0.85,0.0,0.0,0.0,0.0
08:10,490,28.94,15.04,0.0,0.0,64.1,0,0,0,0.85,0.0,0.0,0.0,0.0
08:15,495,27.37,14.4,0.0,0.0,65.0,0,0,0,0.85,0.0,0.0,0.0,0.0
08:20,500,30.31,15.32,0.0,0.0,66.1,0,0,0,0.85,0.0,0.0,0.0,0.0
08:25,505,30.66,15.33,0.0,0.0,67.2,0,0,0,0.85,0.0,0.0,0.0,0.0
08:30,510,30.64,15.26,0.0,0.0,68.2,0,0,0,0.85,0.0,0.0,0.0,0.0
08:35,515,32.68,14.55,0.0,0.0,69.5,0,0,0,0.85,0.0,0.0,0.0,0.0
08:40,520,32.9,15.66,0.0,0.0,70.7,0,0,0,0.85,0.0,0.0,0.0,0.0
08:45,525,35.74,15.83,0.0,0.0,72.2,0,0,0,0.85,0.0,0.0,0.0,0.0
08:50,530,32.26,15.77,0.0,0.0,73.3,0,0,0,0.85,0.0,0.0,0.0,0.0
08:55,535,34.41,16.06,0.0,0.0,74.6,0,0,0,0.85,0.0,0.0,0.0,0.0
09:00,540,35.31,16.93,0.0,0.0,75.9,0,0,0,0.85,0.0,0.0,0.0,0.0
09:05,545,37.93,16.21,7.4,0.0,76.9,1,0,7.4,0.85,0.617,0.0,0.0,0.0
09:10,550,37.21,16.79,7.4,0.0,77.9,1,0,7.4,0.85,0.617,0.0,0.0,0.0
09:15,555,36.72,17.19,7.4,0.0,78.7,1,0,7.4,0.85,0.617,0.0,0.0,0.0
09:20,560,37.62,17.52,7.4,0.0,79.6,1,0,7.4,0.85,0.617,0.0,0.0,0.0
09:25,565,36.68,17.35,7.4,0.0,80.4,1,0,7.4,0.85,0.617,0.0,0.0,0.0
09:30,570,41.11,18.69,7.4,0.0,81.5,1,0,7.4,0.85,0.617,0.0,0.0,0.0
09:35,575,43.74,16.98,7.4,0.0,82.9,1,0,7.4,0.85,0.617,0.0,0.0,0.0
09:40,580,39.07,16.73,7.4,0.0,83.9,1,0,7.4,0.85,0.617,0.0,0.0,0.0
09:45,585,44.11,18.06,7.4,0.0,85.3,1,0,7.4,0.85,0.617,0.0,0.0,0.0
09:50,590,41.55,18.35,7.4,0.0,86.4,1,0,7.4,0.85,0.617,0.0,0.0,0.0
09:55,595,40.34,18.59,5.88,0.0,87.5,0,0,7.4,0.85,0.49,0.0,0.0,0.0
10:00,600,44.69,19.71,0.0,0.0,89.3,0,0,0,0.85,0.0,0.0,0.0,0.0
10:05,605,42.71,18.41,0.0,0.0,91.0,0,0,0,0.85,0.0,0.0,0.0,0.0
10:10,610,43.65,19.84,0.0,0.0,92.7,0,0,0,0.85,0.0,0.0,0.0,0.0
10:15,615,46.16,18.87,0.0,0.0,94.6,0,0,0,0.85,0.0,0.0,0.0,0.0
10:20,620,44.24,17.14,0.0,0.0,95.0,0,0,0,0.85,0.0,0.0,0.0,0.0
10:25,625,43.5,18.5,0.0,0.0,95.0,0,0,0,0.85,0.0,0.0,0.0,0.0
10:30,630,48.73,19.57,0.0,0.0,95.0,0,0,0,0.85,0.0,0.0,0.0,0.0
10:35,635,47.78,17.08,0.0,0.0,95.0,0,0,0,0.85,0.0,0.0,0.0,0.0
10:40,640,48.51,16.95,0.0,0.0,95.0,0,0,0,0.85,0.0,0.0,0.0,0.0
10:45,645,48.75,19.84,0.0,0.0,95.0,0,0,0,0.85,0.0,0.0,0.0,0.0
10:50,650,48.88,16.97,0.0,0.0,95.0,0,0,0,0.85,0.0,0.0,0.0,0.0
10:55,655,52.18,17.71,11.0,0.0,95.0,1,0,11,0.85,0.917,0.0,0.0,0.0
11:00,660,48.14,19.11,11.0,0.0,95.0,1,0,11,0.85,0.917,0.0,0.0,1.57
11:05,665,49.61,18.11,11.0,0.0,95.0,1,0,11,0.85,0.917,0.0,0.0,8.69
11:10,670,46.16,20.71,11.0,0.0,95.0,1,0,11,0.85,0.917,0.0,0.0,13.95
11:15,675,47.99,20.28,11.0,0.0,95.0,1,0,11,0.85,0.917,0.0,0.0,21.93
11:20,680,47.53,20.52,11.0,0.0,95.0,1,0,11,0.85,0.917,0.0,0.0,27.42
11:25,685,51.29,18.68,11.0,0.0,95.0,1,0,11,0.85,0.917,0.0,0.0,32.83
11:30,690,50.31,19.99,11.0,0.0,95.0,1,0,11,0.85,0.917,0.0,0.0,34.73
11:35,695,49.14,18.81,11.0,0.0,95.0,1,0,11,0.85,0.917,0.0,0.0,37.65
11:40,700,50.23,19.44,11.0,0.0,95.0,1,0,11,0.85,0.917,0.0,0.0,41.43
11:45,705,48.37,19.32,11.0,0.0,95.0,1,0,11,0.85,0.917,0.0,0.0,44.1
11:50,710,53.95,18.22,11.0,0.0,95.0,1,0,11,0.85,0.917,0.0,0.0,48.05
11:55,715,51.04,18.28,22.0,0.0,95.0,2,0,22,0.85,1.833,0.0,0.0,47.61
12:00,720,53.07,19.38,22.0,0.0,95.0,2,0,22,0.85,1.833,0.0,0.0,49.02
12:05,725,52.74,20.54,22.0,0.0,95.0,2,0,22,0.85,1.833,0.0,0.0,49.4
12:10,730,53.31,21.69,22.0,0.0,95.0,2,0,22,0.85,1.833,0.0,0.0,49.74
12:15,735,50.61,20.04,22.0,0.0,95.0,2,0,22,0.85,1.833,0.0,0.0,50.04
12:20,740,47.83,19.9,22.0,0.0,95.0,2,0,22,0.85,1.833,0.0,0.0,50.32
12:25,745,47.61,18.58,22.0,0.0,95.0,2,1,22,0.85,1.833,0.0,0.0,50.57
12:30,750,47.35,20.76,22.0,0.0,95.0,2,1,22,0.85,1.833,0.0,0.0,50.79
12:35,755,46.69,18.72,22.0,0.0,95.0,2,1,22,0.85,1.833,0.0,0.0,50.99
12:40,760,51.46,20.81,19.92,0.0,95.0,1,1,22,0.85,1.66,0.0,0.0,51.17
12:45,765,52.95,18.97,33.0,0.0,95.0,2,0,33,0.85,2.75,0.0,0.0,51.34
12:50,770,49.1,21.47,33.0,0.0,94.6,2,0,33,0.85,2.302,0.448,0.0,54.12
12:55,775,45.85,19.59,33.0,0.0,94.1,2,0,33,0.85,2.188,0.562,0.0,56.63
13:00,780,47.06,18.53,33.0,0.0,93.8,2,0,33,0.85,2.377,0.372,0.0,58.89
13:05,785,45.98,19.07,33.0,0.0,93.3,2,0,33,0.85,2.242,0.508,0.0,60.92
13:10,790,50.92,19.62,33.0,0.0,93.2,2,0,33,0.85,2.608,0.142,0.0,62.75
13:15,795,46.67,18.43,33.0,0.0,92.8,2,0,33,0.85,2.353,0.397,0.0,64.39
13:20,800,45.1,18.57,33.0,0.0,92.4,2,0,33,0.85,2.211,0.539,0.0,65.87
13:25,805,45.89,17.98,33.0,0.0,92.0,2,0,33,0.85,2.326,0.424,0.0,67.21
13:30,810,50.1,19.69,33.0,0.0,91.8,2,0,33,0.85,2.534,0.216,0.0,68.4
13:35,815,47.57,18.16,33.0,0.0,91.5,2,0,33,0.85,2.451,0.299,0.0,69.48
13:40,820,46.88,19.97,33.0,0.0,91.1,2,0,33,0.85,2.242,0.508,0.0,70.46
13:45,825,46.34,18.05,33.0,0.0,90.7,2,0,33,0.85,2.357,0.392,0.0,71.33
13:50,830,44.14,19.12,33.0,0.0,90.1,2,0,33,0.85,2.085,0.665,0.0,72.12
13:55,835,41.92,19.85,33.0,0.0,89.3,2,0,33,0.85,1.839,0.911,0.0,72.83
14:00,840,46.65,17.42,33.0,0.0,89.0,2,0,33,0.85,2.436,0.314,0.0,73.46
14:05,845,44.67,17.67,33.0,0.0,88.6,2,0,33,0.85,2.25,0.5,0.0,74.04
14:10,850,45.73,19.13,31.11,0.0,88.2,2,0,31.11,0.85,2.217,0.376,0.0,74.55
14:15,855,43.38,16.96,30.16,0.0,88.0,2,0,30.16,0.85,2.202,0.312,0.0,74.56
14:20,860,42.16,16.94,28.75,0.0,87.7,2,0,28.75,0.85,2.102,0.294,0.0,74.35
14:25,865,39.3,19.44,23.88,0.0,87.4,2,0,23.88,0.85,1.655,0.335,0.0,73.81
14:30,870,39.44,18.47,27.62,0.0,86.9,2,0,27.62,0.85,1.747,0.554,0.0,72.16
14:35,875,41.99,18.8,29.92,0.0,86.4,2,0,29.92,0.85,1.933,0.561,0.0,71.57
14:40,880,37.38,18.34,24.58,0.0,86.0,2,0,24.58,0.85,1.587,0.462,0.0,71.6
14:45,885,37.9,19.69,25.35,0.0,85.5,2,0,25.35,0.85,1.518,0.595,0.0,70.34
14:50,890,38.04,17.65,27.49,0.0,84.9,1,1,28.24,0.85,1.699,0.591,0.0,69.39
14:55,895,35.18,17.02,22.0,0.0,84.6,2,0,22,0.85,1.513,0.32,0.0,69.23
15:00,900,38.08,17.48,22.0,0.0,84.5,2,0,22,0.85,1.717,0.117,0.0,67.58
15:05,905,35.51,17.56,22.0,0.0,84.2,2,0,22,0.85,1.496,0.338,0.0,66.11
15:10,910,33.25,17.97,22.0,0.0,83.7,2,0,22,0.85,1.273,0.56,0.0,64.77
15:15,915,35.35,17.6,14.84,0.0,83.9,1,1,22,0.85,1.237,0.0,0.0,63.58
15:20,920,31.56,17.54,32.26,0.0,82.6,2,0,32.26,0.85,1.168,1.52,0.0,62.5
15:25,925,31.09,16.26,27.05,0.0,81.7,2,0,27.05,0.85,1.236,1.018,0.0,63.99
15:30,930,28.93,16.36,22.57,0.0,80.9,2,0,22.57,0.85,1.047,0.833,0.0,64.08
15:35,935,29.63,17.29,22.66,0.0,80.2,2,0,22.66,0.85,1.028,0.86,0.0,63.09
15:40,940,28.2,17.75,20.79,0.0,79.4,2,0,20.79,0.85,0.871,0.862,0.0,62.22
15:45,945,29.24,17.14,23.17,0.0,78.6,2,0,23.17,0.85,1.008,0.922,0.0,60.99
15:50,950,26.52,17.11,19.72,0.0,77.8,2,0,19.72,0.85,0.784,0.859,0.0,60.45
15:55,955,28.2,16.92,22.49,0.0,77.0,2,1,22.49,0.85,0.94,0.934,0.0,59.14
16:00,960,26.04,16.58,19.84,0.0,76.2,2,1,19.84,0.85,0.788,0.865,0.0,58.62
16:05,965,23.69,15.99,18.55,0.0,75.4,2,1,18.55,0.85,0.642,0.904,0.0,57.52
16:10,970,24.83,16.95,19.52,0.0,74.5,2,1,19.52,0.85,0.657,0.97,0.0,56.22
16:15,975,24.13,15.36,20.35,0.0,73.7,2,1,20.35,0.85,0.731,0.965,0.0,55.28
16:20,980,23.12,16.86,17.19,0.0,72.9,2,1,17.19,0.85,0.522,0.911,0.0,54.64
16:25,985,19.38,17.75,14.8,0.0,71.9,2,1,14.8,0.85,0.136,1.098,0.0,53.3
16:30,990,18.87,15.91,16.12,0.0,70.9,2,1,16.12,0.85,0.247,1.097,0.0,51.52
16:35,995,17.2,17.01,14.8,0.0,69.8,2,1,14.8,0.85,0.016,1.218,0.0,50.24
16:40,1000,18.32,17.8,14.8,0.0,68.7,2,1,14.8,0.85,0.043,1.19,0.0,48.77
16:45,1005,15.7,17.57,14.8,1.87,67.6,2,2,14.8,0.85,0.0,1.233,0.0,47.44
16:50,1010,14.71,17.05,14.8,2.34,66.5,2,2,14.8,0.85,0.0,1.233,0.0,46.25
16:55,1015,14.69,17.87,14.8,3.18,65.4,2,2,14.8,0.85,0.0,1.233,0.0,45.18
17:00,1020,12.77,15.06,14.8,2.29,64.3,2,2,14.8,0.85,0.0,1.233,0.0,44.21
17:05,1025,11.89,14.57,14.8,2.68,63.2,2,2,14.8,0.85,0.0,1.233,0.0,43.34
17:10,1030,11.73,15.2,14.8,3.47,62.1,2,2,14.8,0.85,0.0,1.233,0.0,42.56
17:15,1035,9.94,16.62,14.8,6.68,61.0,2,2,14.8,0.85,0.0,1.233,0.0,41.86
17:20,1040,9.37,16.91,14.8,7.54,59.9,2,2,14.8,0.85,0.0,1.233,0.0,41.22
17:25,1045,7.63,16.13,14.8,8.5,58.8,2,2,14.8,0.85,0.0,1.233,0.0,40.65
17:30,1050,7.09,15.04,14.8,7.95,57.7,2,2,14.8,0.85,0.0,1.233,0.0,40.14
17:35,1055,5.91,16.76,14.8,10.85,56.6,2,2,14.8,0.85,0.0,1.233,0.0,39.68
17:40,1060,4.74,16.8,14.8,12.06,55.5,2,2,14.8,0.85,0.0,1.233,0.0,39.26
17:45,1065,3.12,14.76,14.8,15.58,54.7,2,2,14.8,0.85,0.0,0.905,0.329,38.89
17:50,1070,2.18,16.92,14.8,25.46,54.4,2,2,14.8,0.85,0.0,0.34,0.893,38.55
17:55,1075,1.15,15.13,14.8,25.18,54.2,2,2,14.8,0.85,0.0,0.3,0.933,38.25
18:00,1080,0.0,14.5,33.0,14.5,51.7,2,2,33,1.45,0.0,2.75,0.0,0.0
18:05,1085,0.0,14.88,33.0,14.88,49.2,2,2,33,1.45,0.0,2.75,0.0,0.0
18:10,1090,0.0,14.75,33.0,14.75,46.8,2,2,33,1.45,0.0,2.75,0.0,0.0
18:15,1095,0.0,13.98,33.0,13.98,44.3,2,2,33,1.45,0.0,2.75,0.0,0.0
18:20,1100,0.0,15.63,33.0,15.63,41.9,2,2,33,1.45,0.0,2.75,0.0,0.0
18:25,1105,0.0,13.93,33.0,13.93,39.4,2,3,33,1.45,0.0,2.75,0.0,0.0
18:30,1110,0.0,15.9,25.38,15.9,37.5,1,3,33,1.45,0.0,2.115,0.0,0.0
18:35,1115,0.0,15.61,18.4,15.61,36.2,2,2,18.4,1.45,0.0,1.533,0.0,0.0
18:40,1120,0.0,14.6,18.4,14.6,34.8,2,2,18.4,1.45,0.0,1.533,0.0,0.0
18:45,1125,0.0,14.53,18.4,14.53,33.4,2,2,18.4,1.45,0.0,1.533,0.0,0.0
18:50,1130,0.0,15.18,18.4,15.18,32.1,2,2,18.4,1.45,0.0,1.533,0.0,0.0
18:55,1135,0.0,14.12,18.4,14.12,30.7,2,2,18.4,1.45,0.0,1.533,0.0,0.0
19:00,1140,0.0,13.83,18.4,13.83,29.3,2,2,18.4,1.45,0.0,1.533,0.0,0.0
19:05,1145,0.0,12.98,18.4,12.98,27.9,2,2,18.4,1.45,0.0,1.533,0.0,0.0
19:10,1150,0.0,13.83,17.8,13.83,26.6,2,2,17.8,1.45,0.0,1.483,0.0,0.0
19:15,1155,0.0,12.4,14.84,12.4,25.5,2,2,14.84,1.45,0.0,1.237,0.0,0.0
19:20,1160,0.0,14.05,14.8,14.05,24.4,2,2,14.8,1.45,0.0,1.233,0.0,0.0
19:25,1165,0.0,12.52,14.8,12.52,23.3,2,2,14.8,1.45,0.0,1.233,0.0,0.0
19:30,1170,0.0,13.89,14.8,13.89,22.2,2,2,14.8,1.45,0.0,1.233,0.0,0.0
19:35,1175,0.0,12.41,14.8,12.41,21.1,2,2,14.8,1.45,0.0,1.233,0.0,0.0
19:40,1180,0.0,12.2,14.8,12.2,20.0,2,2,14.8,1.45,0.0,1.233,0.0,0.0
19:45,1185,0.0,12.72,14.8,27.34,20.0,2,2,14.8,1.45,0.0,0.015,1.218,0.0
19:50,1190,0.0,13.43,14.8,28.23,20.0,2,2,14.8,1.45,0.0,0.0,1.233,0.0
19:55,1195,0.0,13.07,14.8,27.87,20.0,2,2,14.8,1.45,0.0,0.0,1.233,0.0
20:00,1200,0.0,9.88,14.8,24.68,20.0,2,2,14.8,1.45,0.0,0.0,1.233,0.0
20:05,1205,0.0,9.95,14.8,24.75,20.0,2,3,14.8,1.45,0.0,0.0,1.233,0.0
20:10,1210,0.0,9.97,14.8,24.77,20.0,2,4,14.8,1.45,0.0,0.0,1.233,0.0
20:15,1215,0.0,10.99,14.8,25.79,20.0,2,5,14.8,1.45,0.0,0.0,1.233,0.0
20:20,1220,0.0,11.15,14.8,25.95,20.0,2,5,14.8,1.45,0.0,0.0,1.233,0.0
20:25,1225,0.0,10.24,14.8,25.04,20.0,2,5,14.8,1.45,0.0,0.0,1.233,0.0
20:30,1230,0.0,10.22,9.19,19.41,20.0,1,5,14.8,1.45,0.0,0.0,0.766,0.0
20:35,1235,0.0,11.29,14.8,26.09,20.0,2,4,14.8,1.45,0.0,0.0,1.233,0.0
20:40,1240,0.0,11.11,14.8,25.91,20.0,2,4,14.8,1.45,0.0,0.0,1.233,0.0
20:45,1245,0.0,9.78,14.8,24.58,20.0,2,5,14.8,1.45,0.0,0.0,1.233,0.0
20:50,1250,0.0,10.43,14.8,25.23,20.0,2,5,14.8,1.45,0.0,0.0,1.233,0.0
20:55,1255,0.0,10.81,14.8,25.61,20.0,2,5,14.8,1.45,0.0,0.0,1.233,0.0
21:00,1260,0.0,8.44,14.8,23.24,20.0,2,5,14.8,0.85,0.0,0.0,1.233,0.0
21:05,1265,0.0,7.94,14.8,22.74,20.0,2,5,14.8,0.85,0.0,0.0,1.233,0.0
21:10,1270,0.0,7.7,14.8,22.5,20.0,2,5,14.8,0.85,0.0,0.0,1.233,0.0
21:15,1275,0.0,8.47,14.8,23.27,20.0,2,5,14.8,0.85,0.0,0.0,1.233,0.0
21:20,1280,0.0,8.47,14.8,23.27,20.0,2,5,14.8,0.85,0.0,0.0,1.233,0.0
21:25,1285,0.0,8.07,14.8,22.87,20.0,2,5,14.8,0.85,0.0,0.0,1.233,0.0
21:30,1290,0.0,7.71,14.8,22.51,20.0,2,5,14.8,0.85,0.0,0.0,1.233,0.0
21:35,1295,0.0,8.36,14.8,23.16,20.0,2,5,14.8,0.85,0.0,0.0,1.233,0.0
21:40,1300,0.0,8.45,14.8,23.25,20.0,2,5,14.8,0.85,0.0,0.0,1.233,0.0
21:45,1305,0.0,8.03,14.8,22.83,20.0,2,5,14.8,0.85,0.0,0.0,1.233,0.0
21:50,1310,0.0,8.28,14.8,23.08,20.0,2,5,14.8,0.85,0.0,0.0,1.233,0.0
21:55,1315,0.0,8.16,14.8,22.96,20.0,2,5,14.8,0.85,0.0,0.0,1.233,0.0
